URL,前回のクロール
/tokyo/13118/chain_shops/doutor/2066,2020-10-14
/kanagawa/14205/chain_shops/tullys/2875,2020-10-14
/chiba/12238/chain_shops/kissa_renoir,2020-10-13
/hyogo/28210/chain_shops/ninas_pari,2020-10-06
/nara/29362/chain_shops/pronto,2020-10-05
/niigata/15361/chain_shops/pronto,2020-10-05
/hyogo/28216/chain_shops/tullys,2020-10-04
/nara/29209/stations/5643,2020-10-04
/kyoto/26109/stations/2182,2020-10-02
/osaka/27118/stations/4529,2020-10-02
/osaka/27209/stations/8315,2020-10-02
/mie/24216/stations/474,2020-10-02
/kochi/39210/stations/6447,2020-10-02
/chiba/12207/stations/3249,2020-10-02
/hyogo/28109/stations/5427,2020-10-02
/shiga/25211/stations/3124,2020-10-02
/osaka/27103/stations/4034,2020-10-02
/kyoto/26206/stations/1121,2020-10-02
/osaka/27366/stations/7763,2020-10-02
/shiga/25201/stations/2557,2020-10-02
/kochi/39402/stations/1294,2020-10-02
/osaka/27125/stations/5805,2020-10-02
/fukushima/chain_shops/cafemiyama,2020-10-02
/kyoto/26108/stations/1808,2020-10-02
/osaka/27116/stations/2584,2020-10-02
/osaka/27125/stations/7146,2020-10-02
/kanagawa/chain_shops/runoacoffee,2020-10-02
/osaka/27127/stations/1419,2020-10-02
/oita/44201/stations/3109,2020-10-02
/kochi/39201/stations/866,2020-10-02
/aichi/23209/stations/7391,2020-10-02
/kyoto/26108/stations/1044,2020-10-02
/akita/05215/stations/490,2020-10-02
/saga/41205/stations/5929,2020-10-02
/nagano/chain_shops/ninas_pari,2020-10-02
/kyoto/26103/stations/5325,2020-10-02
/osaka/27208/stations/3226,2020-10-02
/osaka/27111/stations/242,2020-10-02
/shiga/25209/stations/3157,2020-10-02
/oita/44207/stations/5224,2020-10-02
/saga/41341/stations/2695,2020-10-02
/nara/29208/stations/8841,2020-10-02
/oita/44203/stations/5753,2020-10-02
/kagawa/chain_shops/cafenobar,2020-10-02
/shimane/32201/stations/5,2020-10-02
/oita/44213/stations/1724,2020-10-02
/oita/44201/stations/4747,2020-10-02
/saga/41341/stations/3048,2020-10-02
/kochi/39428/stations/842,2020-10-02
/fukuoka/chain_shops/senbonlab,2020-10-02
/chiba/chain_shops/cafelamille,2020-10-02
/tottori/chain_shops/senbonlab,2020-10-02
/saga/41202/stations/2707,2020-10-02
/oita/chain_shops/kissa_renoir,2020-10-02
/ibaraki/chain_shops/cafenobar,2020-10-02
/zennkoku/chain_shops/teninasu,2020-10-02
/shizuoka/chain_shops/colorado,2020-10-02
/osaka/chain_shops/runoacoffee,2020-10-02
/nara/29442/stations/3270,2020-10-02
/osaka/27111/stations/241,2020-10-02
/kagawa/chain_shops/newyorkers,2020-10-02
/tochigi/chain_shops/parissimo,2020-10-02
/shiga/25213/stations/697,2020-10-02
/kanagawa/chain_shops/colorado,2020-10-02
/miyagi/chain_shops/caferenoir,2020-10-02
/nara/29210/stations/2773,2020-10-02
/miyagi/chain_shops/execelsior,2020-10-02
/saga/41202/stations/8862,2020-10-02
/fukuoka/chain_shops/parissimo,2020-10-02
/saga/41208/stations/1023,2020-10-02
/ishikawa/chain_shops/runoacoffee,2020-10-01
/nara/29206/stations/8148,2020-10-01
/nagano/20209/stations/96,2020-10-01
/saga/41202/stations/6180,2020-10-01
/kyoto/26109/stations/767,2020-10-01
/oita/44211/stations/7267,2020-10-01
/oita/44341/stations/8619,2020-10-01
/nara/29212/stations/8224,2020-10-01
/oita/44462/stations/2644,2020-10-01
/saga/41441/stations/6938,2020-10-01
/kyoto/26203/stations/355,2020-10-01
/nara/29205/stations/7421,2020-10-01
/nara/29201/stations/2005,2020-10-01
/nara/29204/stations/8450,2020-10-01
/nara/29201/stations/5923,2020-10-01
/oita/44203/stations/6802,2020-10-01
/saga/41401/stations/8241,2020-10-01
/saga/41207/stations/6950,2020-10-01
/saga/41207/stations/6936,2020-10-01
/hyogo/chain_shops/miyama_coffee,2020-10-01
/nara/29427/stations/3629,2020-10-01
/nara/29208/stations/3283,2020-10-01
/saga/41207/stations/6939,2020-10-01
/gunma/chain_shops/miyama_coffee,2020-10-01
/nara/29209/stations/5894,2020-10-01
/nara/29209/stations/7895,2020-10-01
/oita/44206/stations/2878,2020-10-01
/nara/29205/stations/7597,2020-10-01
/saga/41206/stations/5687,2020-10-01
/toyama/16322/stations/45,2020-10-01
/hokkaido/01662/chain_shops/kissa_renoir,2020-10-01
/hokkaido/01662/chain_shops/execelsior,2020-10-01
/saga/chain_shops/miyama_coffee,2020-09-30
/iwate/chain_shops/kissa_renoir,2020-09-30
/nara/29203/stations/5243,2020-09-30
/nara/chain_shops/maukameadows,2020-09-30
/aomori/chain_shops/caferenoir,2020-09-30
/oita/44205/stations/4633,2020-09-30
/ehime/chain_shops/cafelamille,2020-09-30
/nara/29204/stations/5845,2020-09-30
/yamaguchi/chain_shops/myspace,2020-09-30
/nara/29202/stations/5216,2020-09-30
/nara/29205/stations/8515,2020-09-30
/osaka/chain_shops/cafelamille,2020-09-30
/nara/29361/stations/5033,2020-09-30
/nagano/chain_shops/caferenoir,2020-09-30
/nara/29442/stations/4302,2020-09-30
/ehime/chain_shops/runoacoffee,2020-09-30
/nara/29201/stations/2729,2020-09-30
/osaka/27115/stations/818,2020-09-30
/oita/44204/stations/5339,2020-09-30
/nara/29204/stations/4577,2020-09-30
/saga/41201/stations/2871,2020-09-30
/toyama/chain_shops/caferenoir,2020-09-30
/saga/41204/stations/5748,2020-09-30
/aomori/chain_shops/execelsior,2020-09-30
/okayama/chain_shops/parissimo,2020-09-30
/nara/29202/stations/4758,2020-09-30
/oita/44461/stations/6897,2020-09-30
/fukushima/chain_shops/myspace,2020-09-30
/saga/41202/stations/6593,2020-09-30
/nagano/chain_shops/cafemiyama,2020-09-30
/shimane/32449/chain_shops/cafemiyama,2020-09-30
/kagoshima/chain_shops/comfort,2020-09-30
/saga/41205/stations/6488,2020-09-30
/nara/29211/stations/4703,2020-09-30
/kagoshima/chain_shops/myspace,2020-09-30
/shizuoka/22341/chain_shops/newyorkers,2020-09-30
/osaka/27219/stations/604,2020-09-30
/saga/41202/stations/3641,2020-09-30
/nara/29361/stations/8550,2020-09-30
/kanagawa/chain_shops/teninasu,2020-09-30
/oita/44202/stations/7400,2020-09-30
/miyagi/04101/stations/75,2020-09-30
/wakayama/chain_shops/teninasu,2020-09-30
/nagano/chain_shops/newyorkers,2020-09-30
/ishikawa/chain_shops/teninasu,2020-09-30
/mie/24215/stations/2190,2020-09-30
/mie/24324/stations/5393,2020-09-30
/fukushima/chain_shops/comfort,2020-09-30
/mie/24205/stations/4369,2020-09-29
/aomori/chain_shops/parissimo,2020-09-29
/iwate/chain_shops/newyorkers,2020-09-29
/miyagi/chain_shops/senbonlab,2020-09-29
/mie/chain_shops/pronto,2020-09-29
/shimane/chain_shops/kobe,2020-09-29
/hiroshima/34104/chain_shops/tullys,2020-09-28
/nara/29205/stations/1105,2020-09-28
/hyogo/28101/stations/57,2020-09-28
/gunma/chain_shops/pronto,2020-09-28
/miyagi/chain_shops/ninas_pari,2020-09-27
/okayama/chain_shops/wien,2020-09-27
/ehime/chain_shops/cafenobar,2020-09-27
/zennkoku/chain_shops/komeda,2020-09-27
/fukuoka/chain_shops/execelsior,2020-09-27
/ibaraki/chain_shops/doutor,2020-09-27
/ibaraki/chain_shops/pronto,2020-09-27